{
  "name": "black-hawk-chat",
  "version": "1.0.0",
  "description": "A real-time private chatting application with friend requests, group chats, and video calling.",
  "main": "server.js",
  "scripts": {
    "start": "node server.js",
    "client": "cd frontend && npm start",
    "dev": "concurrently \"npm run start\" \"npm run client\""
  },
  "dependencies": {
    "express": "^4.18.2",
    "mongoose": "^6.9.1",
    "socket.io": "^4.5.4",
    "cors": "^2.8.5",
    "dotenv": "^16.0.3",
    "multer": "^1.4.5-lts.1"
  },
  "devDependencies": {
    "concurrently": "^7.6.0"
  },
  "author": "Akshath Ramanathan",
  "license": "MIT"
}
